{"cameraMode":{"drawMode":0,"name":"Shaded","section":"Shading Mode"},"sceneLighting":false,"audioPlay":false,"sceneViewState":{"m_AlwaysRefresh":false,"showFog":true,"showSkybox":false,"showFlares":true,"showImageEffects":true,"showParticleSystems":true,"showVisualEffectGraphs":true,"m_FxEnabled":true},"in2DMode":false,"pivot":{"x":99.28591918945313,"y":13.806915283203125,"z":12.937667846679688},"rotation":{"x":-0.42489659786224368,"y":0.19508975744247437,"z":-0.09427596628665924,"w":-0.8788939714431763},"size":201.55892944335938,"orthographic":false}