{"cameraMode":{"drawMode":0,"name":"Shaded","section":"Shading Mode"},"sceneLighting":false,"audioPlay":false,"sceneViewState":{"m_AlwaysRefresh":false,"showFog":true,"showSkybox":false,"showFlares":true,"showImageEffects":true,"showParticleSystems":true,"showVisualEffectGraphs":true,"m_FxEnabled":true},"in2DMode":false,"pivot":{"x":-0.9056645631790161,"y":10.772764205932618,"z":-10.976526260375977},"rotation":{"x":0.016770057380199434,"y":0.9432604908943176,"z":-0.3280838429927826,"w":0.04355268180370331},"size":28.313066482543947,"orthographic":false}